Workbook

Sheet How to use
A1: How to use this template
A2: DEMONSTRATION PROJECT by Lizziewin Otero. Organization, names and figures are fictional.
A4: 1. Go to the Tasks sheet. White rows below the example tasks are ready for new entries.
A5: 2. Fill in ID, Task, Owner, Start and Due. Choose Priority and Status from the dropdown lists.
A6: 3. Do not type in 'Days left'. It is a formula: due date minus today. It is blank once a task is Done.
A7: 4. Row colors: red = past due and not done; yellow = due within 3 days; green = done.
A8: 5. The Summary sheet counts tasks by status and open tasks by owner. To add an owner, type the name in column A of the owner table.
A9: 6. The example rows show the expected format. Delete them when you start a real project.

Sheet Tasks
A1: Task and Project Tracker: Shared Drive Project
A2: Brightwater Community Learning Center (fictional) · Days left counts from today's date
A4: ID | B4: Task | C4: Owner | D4: Priority | E4: Start | F4: Due | G4: Status | H4: % Done | I4: Days left | J4: Notes
A5: T-01 | B5: Draft shared-drive folder structure | C5: Admin Assistant | D5: High | E5: 46300 | F5: 46309 | G5: Done | H5: 1 | I5: =IF(OR(F5="",G5="Done"),"",F5-TODAY())
A6: T-02 | B6: Write file-naming guide (1 page) | C6: Admin Assistant | D6: High | E6: 46303 | F6: 46311 | G6: Done | H6: 1 | I6: =IF(OR(F6="",G6="Done"),"",F6-TODAY())
A7: T-03 | B7: Collect files from staff laptops | C7: M. Santos | D7: Medium | E7: 46307 | F7: 46318 | G7: In progress | H7: 0.6 | I7: =IF(OR(F7="",G7="Done"),"",F7-TODAY()) -> 5
A8: T-04 | B8: Set folder permissions for student records | C8: A. Reyes | D8: High | E8: 46310 | F8: 46316 | G8: In progress | H8: 0.4 | I8: =IF(OR(F8="",G8="Done"),"",F8-TODAY()) -> 3 | J8: Restricted folder
A9: T-05 | B9: Get venue quotes for learners' showcase | C9: J. Dela Cruz | D9: Medium | E9: 46303 | F9: 46311 | G9: In progress | H9: 0.5 | I9: =IF(OR(F9="",G9="Done"),"",F9-TODAY()) -> -2 | J9: One quote received
A10: T-06 | B10: Send November tutor schedule | C10: R. Lim | D10: Medium | E10: 46309 | F10: 46315 | G10: Not started | H10: 0 | I10: =IF(OR(F10="",G10="Done"),"",F10-TODAY()) -> 2
A11: T-07 | B11: Prepare Q3 attendance summary | C11: M. Santos | D11: High | E11: 46304 | F11: 46318 | G11: In progress | H11: 0.7 | I11: =IF(OR(F11="",G11="Done"),"",F11-TODAY()) -> 5
A12: T-08 | B12: Train staff on the shared drive (30 min) | C12: Admin Assistant | D12: Medium | E12: 46321 | F12: 46325 | G12: Not started | H12: 0 | I12: =IF(OR(F12="",G12="Done"),"",F12-TODAY()) -> 12 | J12: At November meeting
A13: T-09 | B13: Archive 2024 paper records | C13: Admin Assistant | D13: Low | E13: 46314 | F13: 46332 | G13: Not started | H13: 0 | I13: =IF(OR(F13="",G13="Done"),"",F13-TODAY()) -> 19
A14: T-10 | B14: Order printed certificates for showcase | C14: J. Dela Cruz | D14: Low | E14: 46335 | F14: 46353 | G14: Not started | H14: 0 | I14: =IF(OR(F14="",G14="Done"),"",F14-TODAY()) -> 40
I15: =IF(OR(F15="",G15="Done"),"",F15-TODAY())
I16: =IF(OR(F16="",G16="Done"),"",F16-TODAY())
I17: =IF(OR(F17="",G17="Done"),"",F17-TODAY())
I18: =IF(OR(F18="",G18="Done"),"",F18-TODAY())
I19: =IF(OR(F19="",G19="Done"),"",F19-TODAY())
I20: =IF(OR(F20="",G20="Done"),"",F20-TODAY())
I21: =IF(OR(F21="",G21="Done"),"",F21-TODAY())
I22: =IF(OR(F22="",G22="Done"),"",F22-TODAY())
I23: =IF(OR(F23="",G23="Done"),"",F23-TODAY())
I24: =IF(OR(F24="",G24="Done"),"",F24-TODAY())
I25: =IF(OR(F25="",G25="Done"),"",F25-TODAY())
I26: =IF(OR(F26="",G26="Done"),"",F26-TODAY())
... I29: =IF(OR(F29="",G29="Done"),"",F29-TODAY())

Sheet Summary
A1: Summary
A2: Counts update automatically from the Tasks sheet
A4: Status | B4: Tasks
A5: Not started | B5: =COUNTIF(Tasks!$G$5:$G$29,A5) -> 4
A6: In progress | B6: =COUNTIF(Tasks!$G$5:$G$29,A6) -> 4
A7: Done | B7: =COUNTIF(Tasks!$G$5:$G$29,A7) -> 2
A8: Blocked | B8: =COUNTIF(Tasks!$G$5:$G$29,A8) -> 0
A9: Overdue (past due, not done) | B9: =COUNTIFS(Tasks!$I$5:$I$29,"<0") -> 1
A10: Total | B10: =SUM(B5:B8) -> 10
A12: Owner | B12: Open tasks
A13: Admin Assistant | B13: =COUNTIFS(Tasks!$C$5:$C$29,A13,Tasks!$G$5:$G$29,"<>Done") -> 2
A14: A. Reyes | B14: =COUNTIFS(Tasks!$C$5:$C$29,A14,Tasks!$G$5:$G$29,"<>Done") -> 1
A15: M. Santos | B15: =COUNTIFS(Tasks!$C$5:$C$29,A15,Tasks!$G$5:$G$29,"<>Done") -> 2
A16: J. Dela Cruz | B16: =COUNTIFS(Tasks!$C$5:$C$29,A16,Tasks!$G$5:$G$29,"<>Done") -> 2
A17: R. Lim | B17: =COUNTIFS(Tasks!$C$5:$C$29,A17,Tasks!$G$5:$G$29,"<>Done") -> 1
